tcp_flags,tcp_time_delta,tcp_len,mqtt_conack_flags,mqtt_conack_flags_rserved,mqtt_conack_flags_sp,mqtt_conack_val,mqtt_conflag_cleansess,mqtt_conflag_passwd,mqtt_conflag_qos,mqtt_conflag_reserved,mqtt_conflag_retain,mqtt_conflag_uname,mqtt_conflag_willflag,mqtt_conflags,mqtt_dupflag,mqtt_hdrflags,mqtt_kalive,mqtt_len,mqtt_msg,mqtt_msgid,mqtt_msgtype,mqtt_proto_len,mqtt_protoname,mqtt_qos,mqtt_retain,mqtt_sub_qos,mqtt_suback_qos,mqtt_ver,mqtt_willmsg,mqtt_willmsg_len,mqtt_willtopic,mqtt_willtopic_len
0x0018,0,38,0,0,0,0,1,1,0,0,0,1,0,0xc2,0,0x10,60,36,0,0,1,4,MQTT,0,0,0,0,4,0,0,0,0
0x0018,0,4,0x00,0,0,0,0,0,0,0,0,0,0,0,0,0x20,0,2,0,0,2,0,0,0,0,0,0,0,0,0,0,0
0x0018,0,198,0,0,0,0,0,0,0,0,0,0,0,0,0,0x30,0,195,7b:22:53:65:6e:73:6f:72:42:6f:64:79:22:3a:7b:22:64:61:74:61:22:3a:32:31:2c:22:74:79:70:65:22:3a:22:49:6e:74:22:7d:2c:22:53:65:6e:73:6f:72:48:65:61:64:65:72:22:3a:7b:22:71:6f:73:22:3a:30:2c:22:69:70:22:3a:22:31:2e:31:2e:31:2e:31:22:2c:22:74:6f:70:69:63:22:3a:22:74:6d:70:31:22:2c:22:66:72:65:71:75:65:6e:63:79:22:3a:35:30:30:30:7d:2c:22:53:65:6e:73:6f:72:53:65:74:75:70:22:3a:7b:22:61:64:63:22:3a:31:2c:22:72:61:6e:64:6f:6d:6e:65:73:73:22:3a:22:4c:6f:77:22:2c:22:76:6f:6c:74:61:67:65:22:3a:30:2e:30:7d:2c:22:54:6f:6b:65:6e:49:44:22:3a:22:41:24:6f:67:7a:68:64:6a:22:7d,0,3,0,0,0,0,0,0,0,0,0,0,0
0x0018,0,198,0,0,0,0,0,0,0,0,0,0,0,0,0,0x30,0,195,7b:22:53:65:6e:73:6f:72:42:6f:64:79:22:3a:7b:22:64:61:74:61:22:3a:32:32:2c:22:74:79:70:65:22:3a:22:49:6e:74:22:7d:2c:22:53:65:6e:73:6f:72:48:65:61:64:65:72:22:3a:7b:22:71:6f:73:22:3a:30:2c:22:69:70:22:3a:22:31:2e:31:2e:31:2e:31:22:2c:22:74:6f:70:69:63:22:3a:22:74:6d:70:31:22:2c:22:66:72:65:71:75:65:6e:63:79:22:3a:35:30:30:30:7d:2c:22:53:65:6e:73:6f:72:53:65:74:75:70:22:3a:7b:22:61:64:63:22:3a:31:2c:22:72:61:6e:64:6f:6d:6e:65:73:73:22:3a:22:4c:6f:77:22:2c:22:76:6f:6c:74:61:67:65:22:3a:30:2e:30:7d:2c:22:54:6f:6b:65:6e:49:44:22:3a:22:41:24:6f:67:7a:68:64:6a:22:7d,0,3,0,0,0,0,0,0,0,0,0,0,0
0x0018,0,198,0,0,0,0,0,0,0,0,0,0,0,0,0,0x30,0,195,7b:22:53:65:6e:73:6f:72:42:6f:64:79:22:3a:7b:22:64:61:74:61:22:3a:33:30:2c:22:74:79:70:65:22:3a:22:49:6e:74:22:7d:2c:22:53:65:6e:73:6f:72:48:65:61:64:65:72:22:3a:7b:22:71:6f:73:22:3a:30:2c:22:69:70:22:3a:22:31:2e:31:2e:31:2e:31:22:2c:22:74:6f:70:69:63:22:3a:22:74:6d:70:31:22:2c:22:66:72:65:71:75:65:6e:63:79:22:3a:35:30:30:30:7d:2c:22:53:65:6e:73:6f:72:53:65:74:75:70:22:3a:7b:22:61:64:63:22:3a:31:2c:22:72:61:6e:64:6f:6d:6e:65:73:73:22:3a:22:4c:6f:77:22:2c:22:76:6f:6c:74:61:67:65:22:3a:30:2e:30:7d:2c:22:54:6f:6b:65:6e:49:44:22:3a:22:41:24:6f:67:7a:68:64:6a:22:7d,0,3,0,0,0,0,0,0,0,0,0,0,0
0x0018,0,198,0,0,0,0,0,0,0,0,0,0,0,0,0,0x30,0,195,7b:22:53:65:6e:73:6f:72:42:6f:64:79:22:3a:7b:22:64:61:74:61:22:3a:33:34:2c:22:74:79:70:65:22:3a:22:49:6e:74:22:7d:2c:22:53:65:6e:73:6f:72:48:65:61:64:65:72:22:3a:7b:22:71:6f:73:22:3a:30:2c:22:69:70:22:3a:22:31:2e:31:2e:31:2e:31:22:2c:22:74:6f:70:69:63:22:3a:22:74:6d:70:31:22:2c:22:66:72:65:71:75:65:6e:63:79:22:3a:35:30:30:30:7d:2c:22:53:65:6e:73:6f:72:53:65:74:75:70:22:3a:7b:22:61:64:63:22:3a:31:2c:22:72:61:6e:64:6f:6d:6e:65:73:73:22:3a:22:4c:6f:77:22:2c:22:76:6f:6c:74:61:67:65:22:3a:30:2e:30:7d:2c:22:54:6f:6b:65:6e:49:44:22:3a:22:41:24:6f:67:7a:68:64:6a:22:7d,0,3,0,0,0,0,0,0,0,0,0,0,0
0x0018,0,198,0,0,0,0,0,0,0,0,0,0,0,0,0,0x30,0,195,7b:22:53:65:6e:73:6f:72:42:6f:64:79:22:3a:7b:22:64:61:74:61:22:3a:33:37:2c:22:74:79:70:65:22:3a:22:49:6e:74:22:7d:2c:22:53:65:6e:73:6f:72:48:65:61:64:65:72:22:3a:7b:22:71:6f:73:22:3a:30:2c:22:69:70:22:3a:22:31:2e:31:2e:31:2e:31:22:2c:22:74:6f:70:69:63:22:3a:22:74:6d:70:31:22:2c:22:66:72:65:71:75:65:6e:63:79:22:3a:35:30:30:30:7d:2c:22:53:65:6e:73:6f:72:53:65:74:75:70:22:3a:7b:22:61:64:63:22:3a:31:2c:22:72:61:6e:64:6f:6d:6e:65:73:73:22:3a:22:4c:6f:77:22:2c:22:76:6f:6c:74:61:67:65:22:3a:30:2e:30:7d:2c:22:54:6f:6b:65:6e:49:44:22:3a:22:41:24:6f:67:7a:68:64:6a:22:7d,0,3,0,0,0,0,0,0,0,0,0,0,0
0x0018,0,198,0,0,0,0,0,0,0,0,0,0,0,0,0,0x30,0,195,7b:22:53:65:6e:73:6f:72:42:6f:64:79:22:3a:7b:22:64:61:74:61:22:3a:33:32:2c:22:74:79:70:65:22:3a:22:49:6e:74:22:7d:2c:22:53:65:6e:73:6f:72:48:65:61:64:65:72:22:3a:7b:22:71:6f:73:22:3a:30:2c:22:69:70:22:3a:22:31:2e:31:2e:31:2e:31:22:2c:22:74:6f:70:69:63:22:3a:22:74:6d:70:31:22:2c:22:66:72:65:71:75:65:6e:63:79:22:3a:35:30:30:30:7d:2c:22:53:65:6e:73:6f:72:53:65:74:75:70:22:3a:7b:22:61:64:63:22:3a:31:2c:22:72:61:6e:64:6f:6d:6e:65:73:73:22:3a:22:4c:6f:77:22:2c:22:76:6f:6c:74:61:67:65:22:3a:30:2e:30:7d:2c:22:54:6f:6b:65:6e:49:44:22:3a:22:41:24:6f:67:7a:68:64:6a:22:7d,0,3,0,0,0,0,0,0,0,0,0,0,0
0x0018,0,198,0,0,0,0,0,0,0,0,0,0,0,0,0,0x30,0,195,7b:22:53:65:6e:73:6f:72:42:6f:64:79:22:3a:7b:22:64:61:74:61:22:3a:32:38:2c:22:74:79:70:65:22:3a:22:49:6e:74:22:7d:2c:22:53:65:6e:73:6f:72:48:65:61:64:65:72:22:3a:7b:22:71:6f:73:22:3a:30:2c:22:69:70:22:3a:22:31:2e:31:2e:31:2e:31:22:2c:22:74:6f:70:69:63:22:3a:22:74:6d:70:31:22:2c:22:66:72:65:71:75:65:6e:63:79:22:3a:35:30:30:30:7d:2c:22:53:65:6e:73:6f:72:53:65:74:75:70:22:3a:7b:22:61:64:63:22:3a:31:2c:22:72:61:6e:64:6f:6d:6e:65:73:73:22:3a:22:4c:6f:77:22:2c:22:76:6f:6c:74:61:67:65:22:3a:30:2e:30:7d:2c:22:54:6f:6b:65:6e:49:44:22:3a:22:41:24:6f:67:7a:68:64:6a:22:7d,0,3,0,0,0,0,0,0,0,0,0,0,0
0x0018,0,198,0,0,0,0,0,0,0,0,0,0,0,0,0,0x30,0,195,7b:22:53:65:6e:73:6f:72:42:6f:64:79:22:3a:7b:22:64:61:74:61:22:3a:33:35:2c:22:74:79:70:65:22:3a:22:49:6e:74:22:7d:2c:22:53:65:6e:73:6f:72:48:65:61:64:65:72:22:3a:7b:22:71:6f:73:22:3a:30:2c:22:69:70:22:3a:22:31:2e:31:2e:31:2e:31:22:2c:22:74:6f:70:69:63:22:3a:22:74:6d:70:31:22:2c:22:66:72:65:71:75:65:6e:63:79:22:3a:35:30:30:30:7d:2c:22:53:65:6e:73:6f:72:53:65:74:75:70:22:3a:7b:22:61:64:63:22:3a:31:2c:22:72:61:6e:64:6f:6d:6e:65:73:73:22:3a:22:4c:6f:77:22:2c:22:76:6f:6c:74:61:67:65:22:3a:30:2e:30:7d:2c:22:54:6f:6b:65:6e:49:44:22:3a:22:41:24:6f:67:7a:68:64:6a:22:7d,0,3,0,0,0,0,0,0,0,0,0,0,0
0x0018,0,198,0,0,0,0,0,0,0,0,0,0,0,0,0,0x30,0,195,7b:22:53:65:6e:73:6f:72:42:6f:64:79:22:3a:7b:22:64:61:74:61:22:3a:33:31:2c:22:74:79:70:65:22:3a:22:49:6e:74:22:7d:2c:22:53:65:6e:73:6f:72:48:65:61:64:65:72:22:3a:7b:22:71:6f:73:22:3a:30:2c:22:69:70:22:3a:22:31:2e:31:2e:31:2e:31:22:2c:22:74:6f:70:69:63:22:3a:22:74:6d:70:31:22:2c:22:66:72:65:71:75:65:6e:63:79:22:3a:35:30:30:30:7d:2c:22:53:65:6e:73:6f:72:53:65:74:75:70:22:3a:7b:22:61:64:63:22:3a:31:2c:22:72:61:6e:64:6f:6d:6e:65:73:73:22:3a:22:4c:6f:77:22:2c:22:76:6f:6c:74:61:67:65:22:3a:30:2e:30:7d:2c:22:54:6f:6b:65:6e:49:44:22:3a:22:41:24:6f:67:7a:68:64:6a:22:7d,0,3,0,0,0,0,0,0,0,0,0,0,0
0x0018,0,198,0,0,0,0,0,0,0,0,0,0,0,0,0,0x30,0,195,7b:22:53:65:6e:73:6f:72:42:6f:64:79:22:3a:7b:22:64:61:74:61:22:3a:32:33:2c:22:74:79:70:65:22:3a:22:49:6e:74:22:7d:2c:22:53:65:6e:73:6f:72:48:65:61:64:65:72:22:3a:7b:22:71:6f:73:22:3a:30:2c:22:69:70:22:3a:22:31:2e:31:2e:31:2e:31:22:2c:22:74:6f:70:69:63:22:3a:22:74:6d:70:31:22:2c:22:66:72:65:71:75:65:6e:63:79:22:3a:35:30:30:30:7d:2c:22:53:65:6e:73:6f:72:53:65:74:75:70:22:3a:7b:22:61:64:63:22:3a:31:2c:22:72:61:6e:64:6f:6d:6e:65:73:73:22:3a:22:4c:6f:77:22:2c:22:76:6f:6c:74:61:67:65:22:3a:30:2e:30:7d:2c:22:54:6f:6b:65:6e:49:44:22:3a:22:41:24:6f:67:7a:68:64:6a:22:7d,0,3,0,0,0,0,0,0,0,0,0,0,0
0x0018,0,198,0,0,0,0,0,0,0,0,0,0,0,0,0,0x30,0,195,7b:22:53:65:6e:73:6f:72:42:6f:64:79:22:3a:7b:22:64:61:74:61:22:3a:32:37:2c:22:74:79:70:65:22:3a:22:49:6e:74:22:7d:2c:22:53:65:6e:73:6f:72:48:65:61:64:65:72:22:3a:7b:22:71:6f:73:22:3a:30:2c:22:69:70:22:3a:22:31:2e:31:2e:31:2e:31:22:2c:22:74:6f:70:69:63:22:3a:22:74:6d:70:31:22:2c:22:66:72:65:71:75:65:6e:63:79:22:3a:35:30:30:30:7d:2c:22:53:65:6e:73:6f:72:53:65:74:75:70:22:3a:7b:22:61:64:63:22:3a:31:2c:22:72:61:6e:64:6f:6d:6e:65:73:73:22:3a:22:4c:6f:77:22:2c:22:76:6f:6c:74:61:67:65:22:3a:30:2e:30:7d:2c:22:54:6f:6b:65:6e:49:44:22:3a:22:41:24:6f:67:7a:68:64:6a:22:7d,0,3,0,0,0,0,0,0,0,0,0,0,0
0x0018,0,198,0,0,0,0,0,0,0,0,0,0,0,0,0,0x30,0,195,7b:22:53:65:6e:73:6f:72:42:6f:64:79:22:3a:7b:22:64:61:74:61:22:3a:32:39:2c:22:74:79:70:65:22:3a:22:49:6e:74:22:7d:2c:22:53:65:6e:73:6f:72:48:65:61:64:65:72:22:3a:7b:22:71:6f:73:22:3a:30:2c:22:69:70:22:3a:22:31:2e:31:2e:31:2e:31:22:2c:22:74:6f:70:69:63:22:3a:22:74:6d:70:31:22:2c:22:66:72:65:71:75:65:6e:63:79:22:3a:35:30:30:30:7d:2c:22:53:65:6e:73:6f:72:53:65:74:75:70:22:3a:7b:22:61:64:63:22:3a:31:2c:22:72:61:6e:64:6f:6d:6e:65:73:73:22:3a:22:4c:6f:77:22:2c:22:76:6f:6c:74:61:67:65:22:3a:30:2e:30:7d:2c:22:54:6f:6b:65:6e:49:44:22:3a:22:41:24:6f:67:7a:68:64:6a:22:7d,0,3,0,0,0,0,0,0,0,0,0,0,0
0x0018,0,198,0,0,0,0,0,0,0,0,0,0,0,0,0,0x30,0,195,7b:22:53:65:6e:73:6f:72:42:6f:64:79:22:3a:7b:22:64:61:74:61:22:3a:32:32:2c:22:74:79:70:65:22:3a:22:49:6e:74:22:7d:2c:22:53:65:6e:73:6f:72:48:65:61:64:65:72:22:3a:7b:22:71:6f:73:22:3a:30:2c:22:69:70:22:3a:22:31:2e:31:2e:31:2e:31:22:2c:22:74:6f:70:69:63:22:3a:22:74:6d:70:31:22:2c:22:66:72:65:71:75:65:6e:63:79:22:3a:35:30:30:30:7d:2c:22:53:65:6e:73:6f:72:53:65:74:75:70:22:3a:7b:22:61:64:63:22:3a:31:2c:22:72:61:6e:64:6f:6d:6e:65:73:73:22:3a:22:4c:6f:77:22:2c:22:76:6f:6c:74:61:67:65:22:3a:30:2e:30:7d:2c:22:54:6f:6b:65:6e:49:44:22:3a:22:41:24:6f:67:7a:68:64:6a:22:7d,0,3,0,0,0,0,0,0,0,0,0,0,0
0x0018,0,198,0,0,0,0,0,0,0,0,0,0,0,0,0,0x30,0,195,7b:22:53:65:6e:73:6f:72:42:6f:64:79:22:3a:7b:22:64:61:74:61:22:3a:33:31:2c:22:74:79:70:65:22:3a:22:49:6e:74:22:7d:2c:22:53:65:6e:73:6f:72:48:65:61:64:65:72:22:3a:7b:22:71:6f:73:22:3a:30:2c:22:69:70:22:3a:22:31:2e:31:2e:31:2e:31:22:2c:22:74:6f:70:69:63:22:3a:22:74:6d:70:31:22:2c:22:66:72:65:71:75:65:6e:63:79:22:3a:35:30:30:30:7d:2c:22:53:65:6e:73:6f:72:53:65:74:75:70:22:3a:7b:22:61:64:63:22:3a:31:2c:22:72:61:6e:64:6f:6d:6e:65:73:73:22:3a:22:4c:6f:77:22:2c:22:76:6f:6c:74:61:67:65:22:3a:30:2e:30:7d:2c:22:54:6f:6b:65:6e:49:44:22:3a:22:41:24:6f:67:7a:68:64:6a:22:7d,0,3,0,0,0,0,0,0,0,0,0,0,0
0x0018,0,198,0,0,0,0,0,0,0,0,0,0,0,0,0,0x30,0,195,7b:22:53:65:6e:73:6f:72:42:6f:64:79:22:3a:7b:22:64:61:74:61:22:3a:32:34:2c:22:74:79:70:65:22:3a:22:49:6e:74:22:7d:2c:22:53:65:6e:73:6f:72:48:65:61:64:65:72:22:3a:7b:22:71:6f:73:22:3a:30:2c:22:69:70:22:3a:22:31:2e:31:2e:31:2e:31:22:2c:22:74:6f:70:69:63:22:3a:22:74:6d:70:31:22:2c:22:66:72:65:71:75:65:6e:63:79:22:3a:35:30:30:30:7d:2c:22:53:65:6e:73:6f:72:53:65:74:75:70:22:3a:7b:22:61:64:63:22:3a:31:2c:22:72:61:6e:64:6f:6d:6e:65:73:73:22:3a:22:4c:6f:77:22:2c:22:76:6f:6c:74:61:67:65:22:3a:30:2e:30:7d:2c:22:54:6f:6b:65:6e:49:44:22:3a:22:41:24:6f:67:7a:68:64:6a:22:7d,0,3,0,0,0,0,0,0,0,0,0,0,0
0x0018,0,198,0,0,0,0,0,0,0,0,0,0,0,0,0,0x30,0,195,7b:22:53:65:6e:73:6f:72:42:6f:64:79:22:3a:7b:22:64:61:74:61:22:3a:33:36:2c:22:74:79:70:65:22:3a:22:49:6e:74:22:7d:2c:22:53:65:6e:73:6f:72:48:65:61:64:65:72:22:3a:7b:22:71:6f:73:22:3a:30:2c:22:69:70:22:3a:22:31:2e:31:2e:31:2e:31:22:2c:22:74:6f:70:69:63:22:3a:22:74:6d:70:31:22:2c:22:66:72:65:71:75:65:6e:63:79:22:3a:35:30:30:30:7d:2c:22:53:65:6e:73:6f:72:53:65:74:75:70:22:3a:7b:22:61:64:63:22:3a:31:2c:22:72:61:6e:64:6f:6d:6e:65:73:73:22:3a:22:4c:6f:77:22:2c:22:76:6f:6c:74:61:67:65:22:3a:30:2e:30:7d:2c:22:54:6f:6b:65:6e:49:44:22:3a:22:41:24:6f:67:7a:68:64:6a:22:7d,0,3,0,0,0,0,0,0,0,0,0,0,0
0x0018,0,198,0,0,0,0,0,0,0,0,0,0,0,0,0,0x30,0,195,7b:22:53:65:6e:73:6f:72:42:6f:64:79:22:3a:7b:22:64:61:74:61:22:3a:32:36:2c:22:74:79:70:65:22:3a:22:49:6e:74:22:7d:2c:22:53:65:6e:73:6f:72:48:65:61:64:65:72:22:3a:7b:22:71:6f:73:22:3a:30:2c:22:69:70:22:3a:22:31:2e:31:2e:31:2e:31:22:2c:22:74:6f:70:69:63:22:3a:22:74:6d:70:31:22:2c:22:66:72:65:71:75:65:6e:63:79:22:3a:35:30:30:30:7d:2c:22:53:65:6e:73:6f:72:53:65:74:75:70:22:3a:7b:22:61:64:63:22:3a:31:2c:22:72:61:6e:64:6f:6d:6e:65:73:73:22:3a:22:4c:6f:77:22:2c:22:76:6f:6c:74:61:67:65:22:3a:30:2e:30:7d:2c:22:54:6f:6b:65:6e:49:44:22:3a:22:41:24:6f:67:7a:68:64:6a:22:7d,0,3,0,0,0,0,0,0,0,0,0,0,0
0x0018,0,198,0,0,0,0,0,0,0,0,0,0,0,0,0,0x30,0,195,7b:22:53:65:6e:73:6f:72:42:6f:64:79:22:3a:7b:22:64:61:74:61:22:3a:32:39:2c:22:74:79:70:65:22:3a:22:49:6e:74:22:7d:2c:22:53:65:6e:73:6f:72:48:65:61:64:65:72:22:3a:7b:22:71:6f:73:22:3a:30:2c:22:69:70:22:3a:22:31:2e:31:2e:31:2e:31:22:2c:22:74:6f:70:69:63:22:3a:22:74:6d:70:31:22:2c:22:66:72:65:71:75:65:6e:63:79:22:3a:35:30:30:30:7d:2c:22:53:65:6e:73:6f:72:53:65:74:75:70:22:3a:7b:22:61:64:63:22:3a:31:2c:22:72:61:6e:64:6f:6d:6e:65:73:73:22:3a:22:4c:6f:77:22:2c:22:76:6f:6c:74:61:67:65:22:3a:30:2e:30:7d:2c:22:54:6f:6b:65:6e:49:44:22:3a:22:41:24:6f:67:7a:68:64:6a:22:7d,0,3,0,0,0,0,0,0,0,0,0,0,0
0x0018,0,198,0,0,0,0,0,0,0,0,0,0,0,0,0,0x30,0,195,7b:22:53:65:6e:73:6f:72:42:6f:64:79:22:3a:7b:22:64:61:74:61:22:3a:33:31:2c:22:74:79:70:65:22:3a:22:49:6e:74:22:7d:2c:22:53:65:6e:73:6f:72:48:65:61:64:65:72:22:3a:7b:22:71:6f:73:22:3a:30:2c:22:69:70:22:3a:22:31:2e:31:2e:31:2e:31:22:2c:22:74:6f:70:69:63:22:3a:22:74:6d:70:31:22:2c:22:66:72:65:71:75:65:6e:63:79:22:3a:35:30:30:30:7d:2c:22:53:65:6e:73:6f:72:53:65:74:75:70:22:3a:7b:22:61:64:63:22:3a:31:2c:22:72:61:6e:64:6f:6d:6e:65:73:73:22:3a:22:4c:6f:77:22:2c:22:76:6f:6c:74:61:67:65:22:3a:30:2e:30:7d:2c:22:54:6f:6b:65:6e:49:44:22:3a:22:41:24:6f:67:7a:68:64:6a:22:7d,0,3,0,0,0,0,0,0,0,0,0,0,0
0x0018,0,198,0,0,0,0,0,0,0,0,0,0,0,0,0,0x30,0,195,7b:22:53:65:6e:73:6f:72:42:6f:64:79:22:3a:7b:22:64:61:74:61:22:3a:31:39:2c:22:74:79:70:65:22:3a:22:49:6e:74:22:7d:2c:22:53:65:6e:73:6f:72:48:65:61:64:65:72:22:3a:7b:22:71:6f:73:22:3a:30:2c:22:69:70:22:3a:22:31:2e:31:2e:31:2e:31:22:2c:22:74:6f:70:69:63:22:3a:22:74:6d:70:31:22:2c:22:66:72:65:71:75:65:6e:63:79:22:3a:35:30:30:30:7d:2c:22:53:65:6e:73:6f:72:53:65:74:75:70:22:3a:7b:22:61:64:63:22:3a:31:2c:22:72:61:6e:64:6f:6d:6e:65:73:73:22:3a:22:4c:6f:77:22:2c:22:76:6f:6c:74:61:67:65:22:3a:30:2e:30:7d:2c:22:54:6f:6b:65:6e:49:44:22:3a:22:41:24:6f:67:7a:68:64:6a:22:7d,0,3,0,0,0,0,0,0,0,0,0,0,0
0x0018,0,198,0,0,0,0,0,0,0,0,0,0,0,0,0,0x30,0,195,7b:22:53:65:6e:73:6f:72:42:6f:64:79:22:3a:7b:22:64:61:74:61:22:3a:33:30:2c:22:74:79:70:65:22:3a:22:49:6e:74:22:7d:2c:22:53:65:6e:73:6f:72:48:65:61:64:65:72:22:3a:7b:22:71:6f:73:22:3a:30:2c:22:69:70:22:3a:22:31:2e:31:2e:31:2e:31:22:2c:22:74:6f:70:69:63:22:3a:22:74:6d:70:31:22:2c:22:66:72:65:71:75:65:6e:63:79:22:3a:35:30:30:30:7d:2c:22:53:65:6e:73:6f:72:53:65:74:75:70:22:3a:7b:22:61:64:63:22:3a:31:2c:22:72:61:6e:64:6f:6d:6e:65:73:73:22:3a:22:4c:6f:77:22:2c:22:76:6f:6c:74:61:67:65:22:3a:30:2e:30:7d:2c:22:54:6f:6b:65:6e:49:44:22:3a:22:41:24:6f:67:7a:68:64:6a:22:7d,0,3,0,0,0,0,0,0,0,0,0,0,0
0x0018,0,198,0,0,0,0,0,0,0,0,0,0,0,0,0,0x30,0,195,7b:22:53:65:6e:73:6f:72:42:6f:64:79:22:3a:7b:22:64:61:74:61:22:3a:33:30:2c:22:74:79:70:65:22:3a:22:49:6e:74:22:7d:2c:22:53:65:6e:73:6f:72:48:65:61:64:65:72:22:3a:7b:22:71:6f:73:22:3a:30:2c:22:69:70:22:3a:22:31:2e:31:2e:31:2e:31:22:2c:22:74:6f:70:69:63:22:3a:22:74:6d:70:31:22:2c:22:66:72:65:71:75:65:6e:63:79:22:3a:35:30:30:30:7d:2c:22:53:65:6e:73:6f:72:53:65:74:75:70:22:3a:7b:22:61:64:63:22:3a:31:2c:22:72:61:6e:64:6f:6d:6e:65:73:73:22:3a:22:4c:6f:77:22:2c:22:76:6f:6c:74:61:67:65:22:3a:30:2e:30:7d:2c:22:54:6f:6b:65:6e:49:44:22:3a:22:41:24:6f:67:7a:68:64:6a:22:7d,0,3,0,0,0,0,0,0,0,0,0,0,0
0x0018,0,198,0,0,0,0,0,0,0,0,0,0,0,0,0,0x30,0,195,7b:22:53:65:6e:73:6f:72:42:6f:64:79:22:3a:7b:22:64:61:74:61:22:3a:33:36:2c:22:74:79:70:65:22:3a:22:49:6e:74:22:7d:2c:22:53:65:6e:73:6f:72:48:65:61:64:65:72:22:3a:7b:22:71:6f:73:22:3a:30:2c:22:69:70:22:3a:22:31:2e:31:2e:31:2e:31:22:2c:22:74:6f:70:69:63:22:3a:22:74:6d:70:31:22:2c:22:66:72:65:71:75:65:6e:63:79:22:3a:35:30:30:30:7d:2c:22:53:65:6e:73:6f:72:53:65:74:75:70:22:3a:7b:22:61:64:63:22:3a:31:2c:22:72:61:6e:64:6f:6d:6e:65:73:73:22:3a:22:4c:6f:77:22:2c:22:76:6f:6c:74:61:67:65:22:3a:30:2e:30:7d:2c:22:54:6f:6b:65:6e:49:44:22:3a:22:41:24:6f:67:7a:68:64:6a:22:7d,0,3,0,0,0,0,0,0,0,0,0,0,0
0x0018,0,198,0,0,0,0,0,0,0,0,0,0,0,0,0,0x30,0,195,7b:22:53:65:6e:73:6f:72:42:6f:64:79:22:3a:7b:22:64:61:74:61:22:3a:33:37:2c:22:74:79:70:65:22:3a:22:49:6e:74:22:7d:2c:22:53:65:6e:73:6f:72:48:65:61:64:65:72:22:3a:7b:22:71:6f:73:22:3a:30:2c:22:69:70:22:3a:22:31:2e:31:2e:31:2e:31:22:2c:22:74:6f:70:69:63:22:3a:22:74:6d:70:31:22:2c:22:66:72:65:71:75:65:6e:63:79:22:3a:35:30:30:30:7d:2c:22:53:65:6e:73:6f:72:53:65:74:75:70:22:3a:7b:22:61:64:63:22:3a:31:2c:22:72:61:6e:64:6f:6d:6e:65:73:73:22:3a:22:4c:6f:77:22:2c:22:76:6f:6c:74:61:67:65:22:3a:30:2e:30:7d:2c:22:54:6f:6b:65:6e:49:44:22:3a:22:41:24:6f:67:7a:68:64:6a:22:7d,0,3,0,0,0,0,0,0,0,0,0,0,0
0x0018,0,198,0,0,0,0,0,0,0,0,0,0,0,0,0,0x30,0,195,7b:22:53:65:6e:73:6f:72:42:6f:64:79:22:3a:7b:22:64:61:74:61:22:3a:33:33:2c:22:74:79:70:65:22:3a:22:49:6e:74:22:7d:2c:22:53:65:6e:73:6f:72:48:65:61:64:65:72:22:3a:7b:22:71:6f:73:22:3a:30:2c:22:69:70:22:3a:22:31:2e:31:2e:31:2e:31:22:2c:22:74:6f:70:69:63:22:3a:22:74:6d:70:31:22:2c:22:66:72:65:71:75:65:6e:63:79:22:3a:35:30:30:30:7d:2c:22:53:65:6e:73:6f:72:53:65:74:75:70:22:3a:7b:22:61:64:63:22:3a:31:2c:22:72:61:6e:64:6f:6d:6e:65:73:73:22:3a:22:4c:6f:77:22:2c:22:76:6f:6c:74:61:67:65:22:3a:30:2e:30:7d:2c:22:54:6f:6b:65:6e:49:44:22:3a:22:41:24:6f:67:7a:68:64:6a:22:7d,0,3,0,0,0,0,0,0,0,0,0,0,0
0x0018,0,198,0,0,0,0,0,0,0,0,0,0,0,0,0,0x30,0,195,7b:22:53:65:6e:73:6f:72:42:6f:64:79:22:3a:7b:22:64:61:74:61:22:3a:32:37:2c:22:74:79:70:65:22:3a:22:49:6e:74:22:7d:2c:22:53:65:6e:73:6f:72:48:65:61:64:65:72:22:3a:7b:22:71:6f:73:22:3a:30:2c:22:69:70:22:3a:22:31:2e:31:2e:31:2e:31:22:2c:22:74:6f:70:69:63:22:3a:22:74:6d:70:31:22:2c:22:66:72:65:71:75:65:6e:63:79:22:3a:35:30:30:30:7d:2c:22:53:65:6e:73:6f:72:53:65:74:75:70:22:3a:7b:22:61:64:63:22:3a:31:2c:22:72:61:6e:64:6f:6d:6e:65:73:73:22:3a:22:4c:6f:77:22:2c:22:76:6f:6c:74:61:67:65:22:3a:30:2e:30:7d:2c:22:54:6f:6b:65:6e:49:44:22:3a:22:41:24:6f:67:7a:68:64:6a:22:7d,0,3,0,0,0,0,0,0,0,0,0,0,0
0x0018,0,198,0,0,0,0,0,0,0,0,0,0,0,0,0,0x30,0,195,7b:22:53:65:6e:73:6f:72:42:6f:64:79:22:3a:7b:22:64:61:74:61:22:3a:33:37:2c:22:74:79:70:65:22:3a:22:49:6e:74:22:7d:2c:22:53:65:6e:73:6f:72:48:65:61:64:65:72:22:3a:7b:22:71:6f:73:22:3a:30:2c:22:69:70:22:3a:22:31:2e:31:2e:31:2e:31:22:2c:22:74:6f:70:69:63:22:3a:22:74:6d:70:31:22:2c:22:66:72:65:71:75:65:6e:63:79:22:3a:35:30:30:30:7d:2c:22:53:65:6e:73:6f:72:53:65:74:75:70:22:3a:7b:22:61:64:63:22:3a:31:2c:22:72:61:6e:64:6f:6d:6e:65:73:73:22:3a:22:4c:6f:77:22:2c:22:76:6f:6c:74:61:67:65:22:3a:30:2e:30:7d:2c:22:54:6f:6b:65:6e:49:44:22:3a:22:41:24:6f:67:7a:68:64:6a:22:7d,0,3,0,0,0,0,0,0,0,0,0,0,0
0x0018,0,198,0,0,0,0,0,0,0,0,0,0,0,0,0,0x30,0,195,7b:22:53:65:6e:73:6f:72:42:6f:64:79:22:3a:7b:22:64:61:74:61:22:3a:32:36:2c:22:74:79:70:65:22:3a:22:49:6e:74:22:7d:2c:22:53:65:6e:73:6f:72:48:65:61:64:65:72:22:3a:7b:22:71:6f:73:22:3a:30:2c:22:69:70:22:3a:22:31:2e:31:2e:31:2e:31:22:2c:22:74:6f:70:69:63:22:3a:22:74:6d:70:31:22:2c:22:66:72:65:71:75:65:6e:63:79:22:3a:35:30:30:30:7d:2c:22:53:65:6e:73:6f:72:53:65:74:75:70:22:3a:7b:22:61:64:63:22:3a:31:2c:22:72:61:6e:64:6f:6d:6e:65:73:73:22:3a:22:4c:6f:77:22:2c:22:76:6f:6c:74:61:67:65:22:3a:30:2e:30:7d:2c:22:54:6f:6b:65:6e:49:44:22:3a:22:41:24:6f:67:7a:68:64:6a:22:7d,0,3,0,0,0,0,0,0,0,0,0,0,0
0x0018,0,198,0,0,0,0,0,0,0,0,0,0,0,0,0,0x30,0,195,7b:22:53:65:6e:73:6f:72:42:6f:64:79:22:3a:7b:22:64:61:74:61:22:3a:32:37:2c:22:74:79:70:65:22:3a:22:49:6e:74:22:7d:2c:22:53:65:6e:73:6f:72:48:65:61:64:65:72:22:3a:7b:22:71:6f:73:22:3a:30:2c:22:69:70:22:3a:22:31:2e:31:2e:31:2e:31:22:2c:22:74:6f:70:69:63:22:3a:22:74:6d:70:31:22:2c:22:66:72:65:71:75:65:6e:63:79:22:3a:35:30:30:30:7d:2c:22:53:65:6e:73:6f:72:53:65:74:75:70:22:3a:7b:22:61:64:63:22:3a:31:2c:22:72:61:6e:64:6f:6d:6e:65:73:73:22:3a:22:4c:6f:77:22:2c:22:76:6f:6c:74:61:67:65:22:3a:30:2e:30:7d:2c:22:54:6f:6b:65:6e:49:44:22:3a:22:41:24:6f:67:7a:68:64:6a:22:7d,0,3,0,0,0,0,0,0,0,0,0,0,0
0x0018,0,198,0,0,0,0,0,0,0,0,0,0,0,0,0,0x30,0,195,7b:22:53:65:6e:73:6f:72:42:6f:64:79:22:3a:7b:22:64:61:74:61:22:3a:32:34:2c:22:74:79:70:65:22:3a:22:49:6e:74:22:7d:2c:22:53:65:6e:73:6f:72:48:65:61:64:65:72:22:3a:7b:22:71:6f:73:22:3a:30:2c:22:69:70:22:3a:22:31:2e:31:2e:31:2e:31:22:2c:22:74:6f:70:69:63:22:3a:22:74:6d:70:31:22:2c:22:66:72:65:71:75:65:6e:63:79:22:3a:35:30:30:30:7d:2c:22:53:65:6e:73:6f:72:53:65:74:75:70:22:3a:7b:22:61:64:63:22:3a:31:2c:22:72:61:6e:64:6f:6d:6e:65:73:73:22:3a:22:4c:6f:77:22:2c:22:76:6f:6c:74:61:67:65:22:3a:30:2e:30:7d:2c:22:54:6f:6b:65:6e:49:44:22:3a:22:41:24:6f:67:7a:68:64:6a:22:7d,0,3,0,0,0,0,0,0,0,0,0,0,0
0x0018,0,198,0,0,0,0,0,0,0,0,0,0,0,0,0,0x30,0,195,7b:22:53:65:6e:73:6f:72:42:6f:64:79:22:3a:7b:22:64:61:74:61:22:3a:33:33:2c:22:74:79:70:65:22:3a:22:49:6e:74:22:7d:2c:22:53:65:6e:73:6f:72:48:65:61:64:65:72:22:3a:7b:22:71:6f:73:22:3a:30:2c:22:69:70:22:3a:22:31:2e:31:2e:31:2e:31:22:2c:22:74:6f:70:69:63:22:3a:22:74:6d:70:31:22:2c:22:66:72:65:71:75:65:6e:63:79:22:3a:35:30:30:30:7d:2c:22:53:65:6e:73:6f:72:53:65:74:75:70:22:3a:7b:22:61:64:63:22:3a:31:2c:22:72:61:6e:64:6f:6d:6e:65:73:73:22:3a:22:4c:6f:77:22:2c:22:76:6f:6c:74:61:67:65:22:3a:30:2e:30:7d:2c:22:54:6f:6b:65:6e:49:44:22:3a:22:41:24:6f:67:7a:68:64:6a:22:7d,0,3,0,0,0,0,0,0,0,0,0,0,0
0x0018,0,198,0,0,0,0,0,0,0,0,0,0,0,0,0,0x30,0,195,7b:22:53:65:6e:73:6f:72:42:6f:64:79:22:3a:7b:22:64:61:74:61:22:3a:32:37:2c:22:74:79:70:65:22:3a:22:49:6e:74:22:7d:2c:22:53:65:6e:73:6f:72:48:65:61:64:65:72:22:3a:7b:22:71:6f:73:22:3a:30:2c:22:69:70:22:3a:22:31:2e:31:2e:31:2e:31:22:2c:22:74:6f:70:69:63:22:3a:22:74:6d:70:31:22:2c:22:66:72:65:71:75:65:6e:63:79:22:3a:35:30:30:30:7d:2c:22:53:65:6e:73:6f:72:53:65:74:75:70:22:3a:7b:22:61:64:63:22:3a:31:2c:22:72:61:6e:64:6f:6d:6e:65:73:73:22:3a:22:4c:6f:77:22:2c:22:76:6f:6c:74:61:67:65:22:3a:30:2e:30:7d:2c:22:54:6f:6b:65:6e:49:44:22:3a:22:41:24:6f:67:7a:68:64:6a:22:7d,0,3,0,0,0,0,0,0,0,0,0,0,0
0x0018,0,198,0,0,0,0,0,0,0,0,0,0,0,0,0,0x30,0,195,7b:22:53:65:6e:73:6f:72:42:6f:64:79:22:3a:7b:22:64:61:74:61:22:3a:33:34:2c:22:74:79:70:65:22:3a:22:49:6e:74:22:7d:2c:22:53:65:6e:73:6f:72:48:65:61:64:65:72:22:3a:7b:22:71:6f:73:22:3a:30:2c:22:69:70:22:3a:22:31:2e:31:2e:31:2e:31:22:2c:22:74:6f:70:69:63:22:3a:22:74:6d:70:31:22:2c:22:66:72:65:71:75:65:6e:63:79:22:3a:35:30:30:30:7d:2c:22:53:65:6e:73:6f:72:53:65:74:75:70:22:3a:7b:22:61:64:63:22:3a:31:2c:22:72:61:6e:64:6f:6d:6e:65:73:73:22:3a:22:4c:6f:77:22:2c:22:76:6f:6c:74:61:67:65:22:3a:30:2e:30:7d:2c:22:54:6f:6b:65:6e:49:44:22:3a:22:41:24:6f:67:7a:68:64:6a:22:7d,0,3,0,0,0,0,0,0,0,0,0,0,0
0x0018,0,198,0,0,0,0,0,0,0,0,0,0,0,0,0,0x30,0,195,7b:22:53:65:6e:73:6f:72:42:6f:64:79:22:3a:7b:22:64:61:74:61:22:3a:32:35:2c:22:74:79:70:65:22:3a:22:49:6e:74:22:7d:2c:22:53:65:6e:73:6f:72:48:65:61:64:65:72:22:3a:7b:22:71:6f:73:22:3a:30:2c:22:69:70:22:3a:22:31:2e:31:2e:31:2e:31:22:2c:22:74:6f:70:69:63:22:3a:22:74:6d:70:31:22:2c:22:66:72:65:71:75:65:6e:63:79:22:3a:35:30:30:30:7d:2c:22:53:65:6e:73:6f:72:53:65:74:75:70:22:3a:7b:22:61:64:63:22:3a:31:2c:22:72:61:6e:64:6f:6d:6e:65:73:73:22:3a:22:4c:6f:77:22:2c:22:76:6f:6c:74:61:67:65:22:3a:30:2e:30:7d:2c:22:54:6f:6b:65:6e:49:44:22:3a:22:41:24:6f:67:7a:68:64:6a:22:7d,0,3,0,0,0,0,0,0,0,0,0,0,0
0x0018,0,198,0,0,0,0,0,0,0,0,0,0,0,0,0,0x30,0,195,7b:22:53:65:6e:73:6f:72:42:6f:64:79:22:3a:7b:22:64:61:74:61:22:3a:32:38:2c:22:74:79:70:65:22:3a:22:49:6e:74:22:7d:2c:22:53:65:6e:73:6f:72:48:65:61:64:65:72:22:3a:7b:22:71:6f:73:22:3a:30:2c:22:69:70:22:3a:22:31:2e:31:2e:31:2e:31:22:2c:22:74:6f:70:69:63:22:3a:22:74:6d:70:31:22:2c:22:66:72:65:71:75:65:6e:63:79:22:3a:35:30:30:30:7d:2c:22:53:65:6e:73:6f:72:53:65:74:75:70:22:3a:7b:22:61:64:63:22:3a:31:2c:22:72:61:6e:64:6f:6d:6e:65:73:73:22:3a:22:4c:6f:77:22:2c:22:76:6f:6c:74:61:67:65:22:3a:30:2e:30:7d:2c:22:54:6f:6b:65:6e:49:44:22:3a:22:41:24:6f:67:7a:68:64:6a:22:7d,0,3,0,0,0,0,0,0,0,0,0,0,0
0x0018,0,198,0,0,0,0,0,0,0,0,0,0,0,0,0,0x30,0,195,7b:22:53:65:6e:73:6f:72:42:6f:64:79:22:3a:7b:22:64:61:74:61:22:3a:31:39:2c:22:74:79:70:65:22:3a:22:49:6e:74:22:7d:2c:22:53:65:6e:73:6f:72:48:65:61:64:65:72:22:3a:7b:22:71:6f:73:22:3a:30:2c:22:69:70:22:3a:22:31:2e:31:2e:31:2e:31:22:2c:22:74:6f:70:69:63:22:3a:22:74:6d:70:31:22:2c:22:66:72:65:71:75:65:6e:63:79:22:3a:35:30:30:30:7d:2c:22:53:65:6e:73:6f:72:53:65:74:75:70:22:3a:7b:22:61:64:63:22:3a:31:2c:22:72:61:6e:64:6f:6d:6e:65:73:73:22:3a:22:4c:6f:77:22:2c:22:76:6f:6c:74:61:67:65:22:3a:30:2e:30:7d:2c:22:54:6f:6b:65:6e:49:44:22:3a:22:41:24:6f:67:7a:68:64:6a:22:7d,0,3,0,0,0,0,0,0,0,0,0,0,0
0x0018,0,198,0,0,0,0,0,0,0,0,0,0,0,0,0,0x30,0,195,7b:22:53:65:6e:73:6f:72:42:6f:64:79:22:3a:7b:22:64:61:74:61:22:3a:32:39:2c:22:74:79:70:65:22:3a:22:49:6e:74:22:7d:2c:22:53:65:6e:73:6f:72:48:65:61:64:65:72:22:3a:7b:22:71:6f:73:22:3a:30:2c:22:69:70:22:3a:22:31:2e:31:2e:31:2e:31:22:2c:22:74:6f:70:69:63:22:3a:22:74:6d:70:31:22:2c:22:66:72:65:71:75:65:6e:63:79:22:3a:35:30:30:30:7d:2c:22:53:65:6e:73:6f:72:53:65:74:75:70:22:3a:7b:22:61:64:63:22:3a:31:2c:22:72:61:6e:64:6f:6d:6e:65:73:73:22:3a:22:4c:6f:77:22:2c:22:76:6f:6c:74:61:67:65:22:3a:30:2e:30:7d:2c:22:54:6f:6b:65:6e:49:44:22:3a:22:41:24:6f:67:7a:68:64:6a:22:7d,0,3,0,0,0,0,0,0,0,0,0,0,0
0x0018,0,198,0,0,0,0,0,0,0,0,0,0,0,0,0,0x30,0,195,7b:22:53:65:6e:73:6f:72:42:6f:64:79:22:3a:7b:22:64:61:74:61:22:3a:32:37:2c:22:74:79:70:65:22:3a:22:49:6e:74:22:7d:2c:22:53:65:6e:73:6f:72:48:65:61:64:65:72:22:3a:7b:22:71:6f:73:22:3a:30:2c:22:69:70:22:3a:22:31:2e:31:2e:31:2e:31:22:2c:22:74:6f:70:69:63:22:3a:22:74:6d:70:31:22:2c:22:66:72:65:71:75:65:6e:63:79:22:3a:35:30:30:30:7d:2c:22:53:65:6e:73:6f:72:53:65:74:75:70:22:3a:7b:22:61:64:63:22:3a:31:2c:22:72:61:6e:64:6f:6d:6e:65:73:73:22:3a:22:4c:6f:77:22:2c:22:76:6f:6c:74:61:67:65:22:3a:30:2e:30:7d:2c:22:54:6f:6b:65:6e:49:44:22:3a:22:41:24:6f:67:7a:68:64:6a:22:7d,0,3,0,0,0,0,0,0,0,0,0,0,0
0x0018,0,198,0,0,0,0,0,0,0,0,0,0,0,0,0,0x30,0,195,7b:22:53:65:6e:73:6f:72:42:6f:64:79:22:3a:7b:22:64:61:74:61:22:3a:32:31:2c:22:74:79:70:65:22:3a:22:49:6e:74:22:7d:2c:22:53:65:6e:73:6f:72:48:65:61:64:65:72:22:3a:7b:22:71:6f:73:22:3a:30:2c:22:69:70:22:3a:22:31:2e:31:2e:31:2e:31:22:2c:22:74:6f:70:69:63:22:3a:22:74:6d:70:31:22:2c:22:66:72:65:71:75:65:6e:63:79:22:3a:35:30:30:30:7d:2c:22:53:65:6e:73:6f:72:53:65:74:75:70:22:3a:7b:22:61:64:63:22:3a:31:2c:22:72:61:6e:64:6f:6d:6e:65:73:73:22:3a:22:4c:6f:77:22:2c:22:76:6f:6c:74:61:67:65:22:3a:30:2e:30:7d:2c:22:54:6f:6b:65:6e:49:44:22:3a:22:41:24:6f:67:7a:68:64:6a:22:7d,0,3,0,0,0,0,0,0,0,0,0,0,0
0x0018,0,198,0,0,0,0,0,0,0,0,0,0,0,0,0,0x30,0,195,7b:22:53:65:6e:73:6f:72:42:6f:64:79:22:3a:7b:22:64:61:74:61:22:3a:32:30:2c:22:74:79:70:65:22:3a:22:49:6e:74:22:7d:2c:22:53:65:6e:73:6f:72:48:65:61:64:65:72:22:3a:7b:22:71:6f:73:22:3a:30:2c:22:69:70:22:3a:22:31:2e:31:2e:31:2e:31:22:2c:22:74:6f:70:69:63:22:3a:22:74:6d:70:31:22:2c:22:66:72:65:71:75:65:6e:63:79:22:3a:35:30:30:30:7d:2c:22:53:65:6e:73:6f:72:53:65:74:75:70:22:3a:7b:22:61:64:63:22:3a:31:2c:22:72:61:6e:64:6f:6d:6e:65:73:73:22:3a:22:4c:6f:77:22:2c:22:76:6f:6c:74:61:67:65:22:3a:30:2e:30:7d:2c:22:54:6f:6b:65:6e:49:44:22:3a:22:41:24:6f:67:7a:68:64:6a:22:7d,0,3,0,0,0,0,0,0,0,0,0,0,0
0x0018,0,198,0,0,0,0,0,0,0,0,0,0,0,0,0,0x30,0,195,7b:22:53:65:6e:73:6f:72:42:6f:64:79:22:3a:7b:22:64:61:74:61:22:3a:32:35:2c:22:74:79:70:65:22:3a:22:49:6e:74:22:7d:2c:22:53:65:6e:73:6f:72:48:65:61:64:65:72:22:3a:7b:22:71:6f:73:22:3a:30:2c:22:69:70:22:3a:22:31:2e:31:2e:31:2e:31:22:2c:22:74:6f:70:69:63:22:3a:22:74:6d:70:31:22:2c:22:66:72:65:71:75:65:6e:63:79:22:3a:35:30:30:30:7d:2c:22:53:65:6e:73:6f:72:53:65:74:75:70:22:3a:7b:22:61:64:63:22:3a:31:2c:22:72:61:6e:64:6f:6d:6e:65:73:73:22:3a:22:4c:6f:77:22:2c:22:76:6f:6c:74:61:67:65:22:3a:30:2e:30:7d:2c:22:54:6f:6b:65:6e:49:44:22:3a:22:41:24:6f:67:7a:68:64:6a:22:7d,0,3,0,0,0,0,0,0,0,0,0,0,0
0x0018,0,198,0,0,0,0,0,0,0,0,0,0,0,0,0,0x30,0,195,7b:22:53:65:6e:73:6f:72:42:6f:64:79:22:3a:7b:22:64:61:74:61:22:3a:32:33:2c:22:74:79:70:65:22:3a:22:49:6e:74:22:7d:2c:22:53:65:6e:73:6f:72:48:65:61:64:65:72:22:3a:7b:22:71:6f:73:22:3a:30:2c:22:69:70:22:3a:22:31:2e:31:2e:31:2e:31:22:2c:22:74:6f:70:69:63:22:3a:22:74:6d:70:31:22:2c:22:66:72:65:71:75:65:6e:63:79:22:3a:35:30:30:30:7d:2c:22:53:65:6e:73:6f:72:53:65:74:75:70:22:3a:7b:22:61:64:63:22:3a:31:2c:22:72:61:6e:64:6f:6d:6e:65:73:73:22:3a:22:4c:6f:77:22:2c:22:76:6f:6c:74:61:67:65:22:3a:30:2e:30:7d:2c:22:54:6f:6b:65:6e:49:44:22:3a:22:41:24:6f:67:7a:68:64:6a:22:7d,0,3,0,0,0,0,0,0,0,0,0,0,0
0x0018,0,198,0,0,0,0,0,0,0,0,0,0,0,0,0,0x30,0,195,7b:22:53:65:6e:73:6f:72:42:6f:64:79:22:3a:7b:22:64:61:74:61:22:3a:33:35:2c:22:74:79:70:65:22:3a:22:49:6e:74:22:7d:2c:22:53:65:6e:73:6f:72:48:65:61:64:65:72:22:3a:7b:22:71:6f:73:22:3a:30:2c:22:69:70:22:3a:22:31:2e:31:2e:31:2e:31:22:2c:22:74:6f:70:69:63:22:3a:22:74:6d:70:31:22:2c:22:66:72:65:71:75:65:6e:63:79:22:3a:35:30:30:30:7d:2c:22:53:65:6e:73:6f:72:53:65:74:75:70:22:3a:7b:22:61:64:63:22:3a:31:2c:22:72:61:6e:64:6f:6d:6e:65:73:73:22:3a:22:4c:6f:77:22:2c:22:76:6f:6c:74:61:67:65:22:3a:30:2e:30:7d:2c:22:54:6f:6b:65:6e:49:44:22:3a:22:41:24:6f:67:7a:68:64:6a:22:7d,0,3,0,0,0,0,0,0,0,0,0,0,0
0x0018,0,198,0,0,0,0,0,0,0,0,0,0,0,0,0,0x30,0,195,7b:22:53:65:6e:73:6f:72:42:6f:64:79:22:3a:7b:22:64:61:74:61:22:3a:32:32:2c:22:74:79:70:65:22:3a:22:49:6e:74:22:7d:2c:22:53:65:6e:73:6f:72:48:65:61:64:65:72:22:3a:7b:22:71:6f:73:22:3a:30:2c:22:69:70:22:3a:22:31:2e:31:2e:31:2e:31:22:2c:22:74:6f:70:69:63:22:3a:22:74:6d:70:31:22:2c:22:66:72:65:71:75:65:6e:63:79:22:3a:35:30:30:30:7d:2c:22:53:65:6e:73:6f:72:53:65:74:75:70:22:3a:7b:22:61:64:63:22:3a:31:2c:22:72:61:6e:64:6f:6d:6e:65:73:73:22:3a:22:4c:6f:77:22:2c:22:76:6f:6c:74:61:67:65:22:3a:30:2e:30:7d:2c:22:54:6f:6b:65:6e:49:44:22:3a:22:41:24:6f:67:7a:68:64:6a:22:7d,0,3,0,0,0,0,0,0,0,0,0,0,0
0x0018,0,198,0,0,0,0,0,0,0,0,0,0,0,0,0,0x30,0,195,7b:22:53:65:6e:73:6f:72:42:6f:64:79:22:3a:7b:22:64:61:74:61:22:3a:33:30:2c:22:74:79:70:65:22:3a:22:49:6e:74:22:7d:2c:22:53:65:6e:73:6f:72:48:65:61:64:65:72:22:3a:7b:22:71:6f:73:22:3a:30:2c:22:69:70:22:3a:22:31:2e:31:2e:31:2e:31:22:2c:22:74:6f:70:69:63:22:3a:22:74:6d:70:31:22:2c:22:66:72:65:71:75:65:6e:63:79:22:3a:35:30:30:30:7d:2c:22:53:65:6e:73:6f:72:53:65:74:75:70:22:3a:7b:22:61:64:63:22:3a:31:2c:22:72:61:6e:64:6f:6d:6e:65:73:73:22:3a:22:4c:6f:77:22:2c:22:76:6f:6c:74:61:67:65:22:3a:30:2e:30:7d:2c:22:54:6f:6b:65:6e:49:44:22:3a:22:41:24:6f:67:7a:68:64:6a:22:7d,0,3,0,0,0,0,0,0,0,0,0,0,0
0x0018,0,198,0,0,0,0,0,0,0,0,0,0,0,0,0,0x30,0,195,7b:22:53:65:6e:73:6f:72:42:6f:64:79:22:3a:7b:22:64:61:74:61:22:3a:33:34:2c:22:74:79:70:65:22:3a:22:49:6e:74:22:7d:2c:22:53:65:6e:73:6f:72:48:65:61:64:65:72:22:3a:7b:22:71:6f:73:22:3a:30:2c:22:69:70:22:3a:22:31:2e:31:2e:31:2e:31:22:2c:22:74:6f:70:69:63:22:3a:22:74:6d:70:31:22:2c:22:66:72:65:71:75:65:6e:63:79:22:3a:35:30:30:30:7d:2c:22:53:65:6e:73:6f:72:53:65:74:75:70:22:3a:7b:22:61:64:63:22:3a:31:2c:22:72:61:6e:64:6f:6d:6e:65:73:73:22:3a:22:4c:6f:77:22:2c:22:76:6f:6c:74:61:67:65:22:3a:30:2e:30:7d:2c:22:54:6f:6b:65:6e:49:44:22:3a:22:41:24:6f:67:7a:68:64:6a:22:7d,0,3,0,0,0,0,0,0,0,0,0,0,0
0x0018,0,198,0,0,0,0,0,0,0,0,0,0,0,0,0,0x30,0,195,7b:22:53:65:6e:73:6f:72:42:6f:64:79:22:3a:7b:22:64:61:74:61:22:3a:32:32:2c:22:74:79:70:65:22:3a:22:49:6e:74:22:7d:2c:22:53:65:6e:73:6f:72:48:65:61:64:65:72:22:3a:7b:22:71:6f:73:22:3a:30:2c:22:69:70:22:3a:22:31:2e:31:2e:31:2e:31:22:2c:22:74:6f:70:69:63:22:3a:22:74:6d:70:31:22:2c:22:66:72:65:71:75:65:6e:63:79:22:3a:35:30:30:30:7d:2c:22:53:65:6e:73:6f:72:53:65:74:75:70:22:3a:7b:22:61:64:63:22:3a:31:2c:22:72:61:6e:64:6f:6d:6e:65:73:73:22:3a:22:4c:6f:77:22:2c:22:76:6f:6c:74:61:67:65:22:3a:30:2e:30:7d:2c:22:54:6f:6b:65:6e:49:44:22:3a:22:41:24:6f:67:7a:68:64:6a:22:7d,0,3,0,0,0,0,0,0,0,0,0,0,0
0x0018,0,198,0,0,0,0,0,0,0,0,0,0,0,0,0,0x30,0,195,7b:22:53:65:6e:73:6f:72:42:6f:64:79:22:3a:7b:22:64:61:74:61:22:3a:32:37:2c:22:74:79:70:65:22:3a:22:49:6e:74:22:7d:2c:22:53:65:6e:73:6f:72:48:65:61:64:65:72:22:3a:7b:22:71:6f:73:22:3a:30:2c:22:69:70:22:3a:22:31:2e:31:2e:31:2e:31:22:2c:22:74:6f:70:69:63:22:3a:22:74:6d:70:31:22:2c:22:66:72:65:71:75:65:6e:63:79:22:3a:35:30:30:30:7d:2c:22:53:65:6e:73:6f:72:53:65:74:75:70:22:3a:7b:22:61:64:63:22:3a:31:2c:22:72:61:6e:64:6f:6d:6e:65:73:73:22:3a:22:4c:6f:77:22:2c:22:76:6f:6c:74:61:67:65:22:3a:30:2e:30:7d:2c:22:54:6f:6b:65:6e:49:44:22:3a:22:41:24:6f:67:7a:68:64:6a:22:7d,0,3,0,0,0,0,0,0,0,0,0,0,0
0x0018,0,198,0,0,0,0,0,0,0,0,0,0,0,0,0,0x30,0,195,7b:22:53:65:6e:73:6f:72:42:6f:64:79:22:3a:7b:22:64:61:74:61:22:3a:32:36:2c:22:74:79:70:65:22:3a:22:49:6e:74:22:7d:2c:22:53:65:6e:73:6f:72:48:65:61:64:65:72:22:3a:7b:22:71:6f:73:22:3a:30:2c:22:69:70:22:3a:22:31:2e:31:2e:31:2e:31:22:2c:22:74:6f:70:69:63:22:3a:22:74:6d:70:31:22:2c:22:66:72:65:71:75:65:6e:63:79:22:3a:35:30:30:30:7d:2c:22:53:65:6e:73:6f:72:53:65:74:75:70:22:3a:7b:22:61:64:63:22:3a:31:2c:22:72:61:6e:64:6f:6d:6e:65:73:73:22:3a:22:4c:6f:77:22:2c:22:76:6f:6c:74:61:67:65:22:3a:30:2e:30:7d:2c:22:54:6f:6b:65:6e:49:44:22:3a:22:41:24:6f:67:7a:68:64:6a:22:7d,0,3,0,0,0,0,0,0,0,0,0,0,0
0x0018,0,198,0,0,0,0,0,0,0,0,0,0,0,0,0,0x30,0,195,7b:22:53:65:6e:73:6f:72:42:6f:64:79:22:3a:7b:22:64:61:74:61:22:3a:32:32:2c:22:74:79:70:65:22:3a:22:49:6e:74:22:7d:2c:22:53:65:6e:73:6f:72:48:65:61:64:65:72:22:3a:7b:22:71:6f:73:22:3a:30:2c:22:69:70:22:3a:22:31:2e:31:2e:31:2e:31:22:2c:22:74:6f:70:69:63:22:3a:22:74:6d:70:31:22:2c:22:66:72:65:71:75:65:6e:63:79:22:3a:35:30:30:30:7d:2c:22:53:65:6e:73:6f:72:53:65:74:75:70:22:3a:7b:22:61:64:63:22:3a:31:2c:22:72:61:6e:64:6f:6d:6e:65:73:73:22:3a:22:4c:6f:77:22:2c:22:76:6f:6c:74:61:67:65:22:3a:30:2e:30:7d:2c:22:54:6f:6b:65:6e:49:44:22:3a:22:41:24:6f:67:7a:68:64:6a:22:7d,0,3,0,0,0,0,0,0,0,0,0,0,0
0x0018,0,198,0,0,0,0,0,0,0,0,0,0,0,0,0,0x30,0,195,7b:22:53:65:6e:73:6f:72:42:6f:64:79:22:3a:7b:22:64:61:74:61:22:3a:33:34:2c:22:74:79:70:65:22:3a:22:49:6e:74:22:7d:2c:22:53:65:6e:73:6f:72:48:65:61:64:65:72:22:3a:7b:22:71:6f:73:22:3a:30:2c:22:69:70:22:3a:22:31:2e:31:2e:31:2e:31:22:2c:22:74:6f:70:69:63:22:3a:22:74:6d:70:31:22:2c:22:66:72:65:71:75:65:6e:63:79:22:3a:35:30:30:30:7d:2c:22:53:65:6e:73:6f:72:53:65:74:75:70:22:3a:7b:22:61:64:63:22:3a:31:2c:22:72:61:6e:64:6f:6d:6e:65:73:73:22:3a:22:4c:6f:77:22:2c:22:76:6f:6c:74:61:67:65:22:3a:30:2e:30:7d:2c:22:54:6f:6b:65:6e:49:44:22:3a:22:41:24:6f:67:7a:68:64:6a:22:7d,0,3,0,0,0,0,0,0,0,0,0,0,0
0x0018,0,198,0,0,0,0,0,0,0,0,0,0,0,0,0,0x30,0,195,7b:22:53:65:6e:73:6f:72:42:6f:64:79:22:3a:7b:22:64:61:74:61:22:3a:32:33:2c:22:74:79:70:65:22:3a:22:49:6e:74:22:7d:2c:22:53:65:6e:73:6f:72:48:65:61:64:65:72:22:3a:7b:22:71:6f:73:22:3a:30:2c:22:69:70:22:3a:22:31:2e:31:2e:31:2e:31:22:2c:22:74:6f:70:69:63:22:3a:22:74:6d:70:31:22:2c:22:66:72:65:71:75:65:6e:63:79:22:3a:35:30:30:30:7d:2c:22:53:65:6e:73:6f:72:53:65:74:75:70:22:3a:7b:22:61:64:63:22:3a:31:2c:22:72:61:6e:64:6f:6d:6e:65:73:73:22:3a:22:4c:6f:77:22:2c:22:76:6f:6c:74:61:67:65:22:3a:30:2e:30:7d:2c:22:54:6f:6b:65:6e:49:44:22:3a:22:41:24:6f:67:7a:68:64:6a:22:7d,0,3,0,0,0,0,0,0,0,0,0,0,0
0x0018,0,198,0,0,0,0,0,0,0,0,0,0,0,0,0,0x30,0,195,7b:22:53:65:6e:73:6f:72:42:6f:64:79:22:3a:7b:22:64:61:74:61:22:3a:32:39:2c:22:74:79:70:65:22:3a:22:49:6e:74:22:7d:2c:22:53:65:6e:73:6f:72:48:65:61:64:65:72:22:3a:7b:22:71:6f:73:22:3a:30:2c:22:69:70:22:3a:22:31:2e:31:2e:31:2e:31:22:2c:22:74:6f:70:69:63:22:3a:22:74:6d:70:31:22:2c:22:66:72:65:71:75:65:6e:63:79:22:3a:35:30:30:30:7d:2c:22:53:65:6e:73:6f:72:53:65:74:75:70:22:3a:7b:22:61:64:63:22:3a:31:2c:22:72:61:6e:64:6f:6d:6e:65:73:73:22:3a:22:4c:6f:77:22:2c:22:76:6f:6c:74:61:67:65:22:3a:30:2e:30:7d:2c:22:54:6f:6b:65:6e:49:44:22:3a:22:41:24:6f:67:7a:68:64:6a:22:7d,0,3,0,0,0,0,0,0,0,0,0,0,0
0x0018,0,198,0,0,0,0,0,0,0,0,0,0,0,0,0,0x30,0,195,7b:22:53:65:6e:73:6f:72:42:6f:64:79:22:3a:7b:22:64:61:74:61:22:3a:32:31:2c:22:74:79:70:65:22:3a:22:49:6e:74:22:7d:2c:22:53:65:6e:73:6f:72:48:65:61:64:65:72:22:3a:7b:22:71:6f:73:22:3a:30:2c:22:69:70:22:3a:22:31:2e:31:2e:31:2e:31:22:2c:22:74:6f:70:69:63:22:3a:22:74:6d:70:31:22:2c:22:66:72:65:71:75:65:6e:63:79:22:3a:35:30:30:30:7d:2c:22:53:65:6e:73:6f:72:53:65:74:75:70:22:3a:7b:22:61:64:63:22:3a:31:2c:22:72:61:6e:64:6f:6d:6e:65:73:73:22:3a:22:4c:6f:77:22:2c:22:76:6f:6c:74:61:67:65:22:3a:30:2e:30:7d:2c:22:54:6f:6b:65:6e:49:44:22:3a:22:41:24:6f:67:7a:68:64:6a:22:7d,0,3,0,0,0,0,0,0,0,0,0,0,0
0x0018,0,198,0,0,0,0,0,0,0,0,0,0,0,0,0,0x30,0,195,7b:22:53:65:6e:73:6f:72:42:6f:64:79:22:3a:7b:22:64:61:74:61:22:3a:32:33:2c:22:74:79:70:65:22:3a:22:49:6e:74:22:7d:2c:22:53:65:6e:73:6f:72:48:65:61:64:65:72:22:3a:7b:22:71:6f:73:22:3a:30:2c:22:69:70:22:3a:22:31:2e:31:2e:31:2e:31:22:2c:22:74:6f:70:69:63:22:3a:22:74:6d:70:31:22:2c:22:66:72:65:71:75:65:6e:63:79:22:3a:35:30:30:30:7d:2c:22:53:65:6e:73:6f:72:53:65:74:75:70:22:3a:7b:22:61:64:63:22:3a:31:2c:22:72:61:6e:64:6f:6d:6e:65:73:73:22:3a:22:4c:6f:77:22:2c:22:76:6f:6c:74:61:67:65:22:3a:30:2e:30:7d:2c:22:54:6f:6b:65:6e:49:44:22:3a:22:41:24:6f:67:7a:68:64:6a:22:7d,0,3,0,0,0,0,0,0,0,0,0,0,0
0x0018,0,198,0,0,0,0,0,0,0,0,0,0,0,0,0,0x30,0,195,7b:22:53:65:6e:73:6f:72:42:6f:64:79:22:3a:7b:22:64:61:74:61:22:3a:33:36:2c:22:74:79:70:65:22:3a:22:49:6e:74:22:7d:2c:22:53:65:6e:73:6f:72:48:65:61:64:65:72:22:3a:7b:22:71:6f:73:22:3a:30:2c:22:69:70:22:3a:22:31:2e:31:2e:31:2e:31:22:2c:22:74:6f:70:69:63:22:3a:22:74:6d:70:31:22:2c:22:66:72:65:71:75:65:6e:63:79:22:3a:35:30:30:30:7d:2c:22:53:65:6e:73:6f:72:53:65:74:75:70:22:3a:7b:22:61:64:63:22:3a:31:2c:22:72:61:6e:64:6f:6d:6e:65:73:73:22:3a:22:4c:6f:77:22:2c:22:76:6f:6c:74:61:67:65:22:3a:30:2e:30:7d:2c:22:54:6f:6b:65:6e:49:44:22:3a:22:41:24:6f:67:7a:68:64:6a:22:7d,0,3,0,0,0,0,0,0,0,0,0,0,0
0x0018,0,198,0,0,0,0,0,0,0,0,0,0,0,0,0,0x30,0,195,7b:22:53:65:6e:73:6f:72:42:6f:64:79:22:3a:7b:22:64:61:74:61:22:3a:32:31:2c:22:74:79:70:65:22:3a:22:49:6e:74:22:7d:2c:22:53:65:6e:73:6f:72:48:65:61:64:65:72:22:3a:7b:22:71:6f:73:22:3a:30:2c:22:69:70:22:3a:22:31:2e:31:2e:31:2e:31:22:2c:22:74:6f:70:69:63:22:3a:22:74:6d:70:31:22:2c:22:66:72:65:71:75:65:6e:63:79:22:3a:35:30:30:30:7d:2c:22:53:65:6e:73:6f:72:53:65:74:75:70:22:3a:7b:22:61:64:63:22:3a:31:2c:22:72:61:6e:64:6f:6d:6e:65:73:73:22:3a:22:4c:6f:77:22:2c:22:76:6f:6c:74:61:67:65:22:3a:30:2e:30:7d:2c:22:54:6f:6b:65:6e:49:44:22:3a:22:41:24:6f:67:7a:68:64:6a:22:7d,0,3,0,0,0,0,0,0,0,0,0,0,0
0x0018,0,198,0,0,0,0,0,0,0,0,0,0,0,0,0,0x30,0,195,7b:22:53:65:6e:73:6f:72:42:6f:64:79:22:3a:7b:22:64:61:74:61:22:3a:33:33:2c:22:74:79:70:65:22:3a:22:49:6e:74:22:7d:2c:22:53:65:6e:73:6f:72:48:65:61:64:65:72:22:3a:7b:22:71:6f:73:22:3a:30:2c:22:69:70:22:3a:22:31:2e:31:2e:31:2e:31:22:2c:22:74:6f:70:69:63:22:3a:22:74:6d:70:31:22:2c:22:66:72:65:71:75:65:6e:63:79:22:3a:35:30:30:30:7d:2c:22:53:65:6e:73:6f:72:53:65:74:75:70:22:3a:7b:22:61:64:63:22:3a:31:2c:22:72:61:6e:64:6f:6d:6e:65:73:73:22:3a:22:4c:6f:77:22:2c:22:76:6f:6c:74:61:67:65:22:3a:30:2e:30:7d:2c:22:54:6f:6b:65:6e:49:44:22:3a:22:41:24:6f:67:7a:68:64:6a:22:7d,0,3,0,0,0,0,0,0,0,0,0,0,0
"
"
